{"IcoMoonType":"selection","icons":[{"icon":{"paths":["M170.667 853.248v-85.333h597.333v85.333z","M170.667 554.581v-85.376h853.333v85.333z","M170.667 255.872v-85.291h853.333v85.333z","M0 853.248v-85.333h85.333v85.333z","M0 554.581v-85.376h85.333v85.333z","M0 255.872v-85.291h85.333v85.333z"],"attrs":[{"fill":"rgb(247, 142, 106)"},{"fill":"rgb(247, 142, 106)"},{"fill":"rgb(247, 142, 106)"},{"fill":"rgb(0, 0, 0)"},{"fill":"rgb(0, 0, 0)"},{"fill":"rgb(0, 0, 0)"}],"isMulticolor":true,"isMulticolor2":false,"grid":0,"tags":["burger"],"colorPermutations":{"124714210612552552551":[{"f":1},{"f":1},{"f":1},{"f":0},{"f":0},{"f":0}]}},"attrs":[{"fill":"rgb(247, 142, 106)"},{"fill":"rgb(247, 142, 106)"},{"fill":"rgb(247, 142, 106)"},{"fill":"rgb(0, 0, 0)"},{"fill":"rgb(0, 0, 0)"},{"fill":"rgb(0, 0, 0)"}],"properties":{"order":36,"id":6,"name":"burger","prevSize":32,"code":59648,"codes":[59648,59649,59650,59651,59652,59653]},"setIdx":0,"setId":5,"iconIdx":0},{"icon":{"paths":["M934.4 29.269l60.288 60.331-905.088 905.131-60.331-60.373z","M89.6 29.269l905.131 905.088-60.373 60.373-905.088-905.131z"],"attrs":[{"fill":"rgb(247, 142, 106)"},{"fill":"rgb(247, 142, 106)"}],"isMulticolor":false,"isMulticolor2":false,"grid":0,"tags":["cross-menu"],"colorPermutations":{"124714210612552552551":[{"f":1},{"f":1}]}},"attrs":[{"fill":"rgb(247, 142, 106)"},{"fill":"rgb(247, 142, 106)"}],"properties":{"order":37,"id":5,"name":"cross-menu","prevSize":32,"code":59654},"setIdx":0,"setId":5,"iconIdx":1},{"icon":{"paths":[],"attrs":[],"isMulticolor":false,"isMulticolor2":false,"grid":0,"tags":["down-arrow"],"colorPermutations":{"124714210612552552551":[]}},"attrs":[],"properties":{"order":38,"id":4,"name":"down-arrow","prevSize":32,"code":59655},"setIdx":0,"setId":5,"iconIdx":2},{"icon":{"paths":[],"attrs":[],"isMulticolor":false,"isMulticolor2":false,"grid":0,"tags":["envelope"],"colorPermutations":{"124714210612552552551":[]}},"attrs":[],"properties":{"order":39,"id":3,"name":"envelope","prevSize":32,"code":59656},"setIdx":0,"setId":5,"iconIdx":3},{"icon":{"paths":["M1024 427.947v168.021h-1024v-168.107z","M427.947 0h168.107v1024h-168.107z"],"attrs":[{"fill":"rgb(255, 255, 255)"},{"fill":"rgb(255, 255, 255)"}],"isMulticolor":false,"isMulticolor2":false,"grid":0,"tags":["plus"],"colorPermutations":{"124714210612552552551":[{"f":2},{"f":2}]}},"attrs":[{"fill":"rgb(255, 255, 255)"},{"fill":"rgb(255, 255, 255)"}],"properties":{"order":40,"id":2,"name":"plus","prevSize":32,"code":59657},"setIdx":0,"setId":5,"iconIdx":4},{"icon":{"paths":["M512.512 1025.707l-512.853-1027.413h1025.877z"],"attrs":[{"fill":"rgb(255, 255, 255)"}],"isMulticolor":false,"isMulticolor2":false,"grid":0,"tags":["triangle"],"colorPermutations":{"124714210612552552551":[{"f":2}]}},"attrs":[{"fill":"rgb(255, 255, 255)"}],"properties":{"order":41,"id":1,"name":"triangle","prevSize":32,"code":59658},"setIdx":0,"setId":5,"iconIdx":5},{"icon":{"paths":["M512.512-1.707l-512.853 1027.413h1025.877z"],"attrs":[{"fill":"rgb(255, 255, 255)"}],"isMulticolor":false,"isMulticolor2":false,"grid":0,"tags":["up-arrow"],"colorPermutations":{"124714210612552552551":[{"f":2}]}},"attrs":[{"fill":"rgb(255, 255, 255)"}],"properties":{"order":42,"id":0,"name":"up-arrow","prevSize":32,"code":59659},"setIdx":0,"setId":5,"iconIdx":6}],"height":1024,"metadata":{"name":"icomoon"},"preferences":{"showGlyphs":true,"showQuickUse":true,"showQuickUse2":true,"showSVGs":true,"fontPref":{"prefix":"icon-","metadata":{"fontFamily":"icomoon","majorVersion":1,"minorVersion":0},"metrics":{"emSize":1024,"baseline":6.25,"whitespace":50},"embed":false,"showSelector":true,"selector":"class","classSelector":".icon","postfix":"","autoHost":false},"imagePref":{"prefix":"icon-","png":true,"useClassSelector":true,"color":0,"bgColor":16777215,"classSelector":".icon","name":"icomoon"},"historySize":50,"showCodes":true,"gridSize":16,"showLiga":true,"quickUsageToken":{"myp":"OTcxZDRmZWQyM2FjOGQxOGY4OTFlMGZhOWU1MGIzNWIjMSMxNTYzMjE0NzI3IyMj"}}}